POP,PIB,CHS_PUB,CHS_PRIV,RM,RN,SPV
1.0294117647058822,-0.23740902937094308,0.19364389470910962,-0.22681790986299144,-0.16163482454606296,-0.05804795278742752,0.045536460928435815
-0.23740902937094308,1.0294117647058822,-0.07205830939962266,0.173113298616528,0.15839520932351478,0.2692660356536802,-0.1389631788977098
0.19364389470910962,-0.07205830939962266,1.0294117647058825,0.15954247394349494,-0.1373976295670669,-0.07862092011165155,0.14553063733273042
-0.22681790986299144,0.173113298616528,0.15954247394349494,1.0294117647058822,-0.0694891518196487,-0.015833642415512834,0.11221689227540335
-0.16163482454606296,0.15839520932351478,-0.1373976295670669,-0.0694891518196487,1.029411764705882,-0.24137223080302828,-0.27830378386813714
-0.05804795278742752,0.2692660356536802,-0.07862092011165155,-0.015833642415512834,-0.24137223080302828,1.0294117647058825,0.1950990044489942
0.045536460928435815,-0.1389631788977098,0.14553063733273042,0.11221689227540335,-0.27830378386813714,0.1950990044489942,1.029411764705882
